item_id,item_name,count,stream,material,resin_code,sup_violation,brand,confidence,est_weight_kg,condition,bounding_box
ITEM-001,Clear PET Plastic Beverage Bottle,2,DRY_RECYCLABLE,Polyethylene Terephthalate,1 (PETE),False,Bottled Water / Soft Drink,0.93,0.37,"Isolated artifact cluster (21 sectors, 5.8% of frame)","[485, 533, 673, 779]"
ITEM-002,Aluminium Beverage Can,2,DRY_RECYCLABLE,Aluminium Alloy,ALU 41,False,Soft Drink Can,0.87,0.35,"Isolated artifact cluster (21 sectors, 5.8% of frame)","[689, 270, 878, 517]"
ITEM-003,Discarded Cardboard / Paper Packaging,2,DRY_RECYCLABLE,Corrugated Paperboard,PAP 20,False,Shipping / Retail Packaging,0.9,0.36,"Isolated artifact cluster (21 sectors, 5.8% of frame)","[485, 270, 673, 517]"
ITEM-004,Dented Beer / Soda Can Body,2,DRY_RECYCLABLE,Aluminium Alloy,ALU 41,False,Brewery Packaging,0.88,0.36,"Isolated artifact cluster (19 sectors, 5.2% of frame)","[689, 8, 878, 254]"
ITEM-005,Foil Sheet from Lined Packaging,2,DRY_RECYCLABLE,Aluminium Laminate,ALU 41,False,Foil-lined Snack Pack,0.86,0.35,"Isolated artifact cluster (18 sectors, 4.9% of frame)","[280, 533, 469, 779]"
ITEM-006,Aluminium Aerosol / Spray Can,2,DRY_RECYCLABLE,Aluminium Alloy,ALU 41,False,Household Spray Tin,0.86,0.35,"Isolated artifact cluster (18 sectors, 4.9% of frame)","[485, 8, 673, 254]"
ITEM-007,Thin Metal Trim Scrap,2,DRY_RECYCLABLE,Ferrous / Aluminium Metal,Fe 40,False,Fixture Fabrication Offcut,0.88,0.36,"Isolated artifact cluster (20 sectors, 5.5% of frame)","[689, 533, 878, 779]"
ITEM-008,Crushed Transparent PET Bottle,2,DRY_RECYCLABLE,Polyethylene Terephthalate,1 (PETE),False,On-The-Go Beverage,0.89,0.36,"Isolated artifact cluster (14 sectors, 3.8% of frame)","[485, 795, 673, 967]"
ITEM-009,Flattened Corrugated Carton,2,DRY_RECYCLABLE,Corrugated Paperboard,PAP 21,False,E-Commerce Parcel Box,0.84,0.35,"Isolated artifact cluster (14 sectors, 3.8% of frame)","[689, 795, 878, 967]"
ITEM-010,Black Polythene Carry Bag / Film,2,DRY_RECYCLABLE,Low-Density Polyethylene,4 (LDPE),True,Unbranded Local Packaging,0.79,0.33,"Isolated artifact cluster (8 sectors, 2.2% of frame)","[348, 795, 469, 967]"
ITEM-011,Crushed Tin Food / Oil Can,1,DRY_RECYCLABLE,Tinplate Steel,Fe 40,False,Tinned Grocery Container,0.8,0.17,"Isolated artifact cluster (7 sectors, 1.9% of frame)","[894, 8, 946, 254]"
ITEM-012,Aluminium Foil Bakery Tray,1,DRY_RECYCLABLE,Aluminium Foil,ALU 41,False,Bakery Takeaway Tray,0.84,0.17,"Isolated artifact cluster (7 sectors, 1.9% of frame)","[894, 270, 946, 517]"
ITEM-013,Metal Bottle Cap / Crown Seal,1,DRY_RECYCLABLE,Tinplate / Aluminium,Fe 40,False,Beverage Closure,0.82,0.17,"Isolated artifact cluster (6 sectors, 1.6% of frame)","[894, 533, 946, 779]"
ITEM-014,Torn Metal Bottle Cap / Crown Seal,1,DRY_RECYCLABLE,Tinplate / Aluminium,Fe 40,False,Beverage Closure,0.86,0.18,"Isolated artifact cluster (4 sectors, 1.1% of frame)","[417, 420, 469, 517]"
